NAME OF HOSPITAL	LOCATION
Bangkok Metropolitan Administration General Hospital (Klang Hospital)	Bangkok
Bangkok Metropolitan Administration Lat Krabang Hospital	Bangkok
Bhumibol Adulyadej Hospital	Bangkok
Burachat Chaiyakorn Hospital	Bangkok
Central Correctional Hospital	Bangkok
Central Women's Correctional Institution Medical Centre	Bangkok
Fort Somdetchaophrayamahakasatsuek Hospital	Bangkok
Chulabhorn Hospital	Bangkok
Galaya Rajanakarindra Institute	Bangkok
Health Promotion Hospital, 1st Regional Health Promotion Center	Bangkok
Hospital for Tropical Diseases	Bangkok
Hospital of the Faculty of Dentistry, Chulalongkorn University	Bangkok
Institute of Dermatology	Bangkok
King Chulalongkorn Memorial Hospital	Bangkok
Lerdsin Hospital	Bangkok
Luang Pho Taweesak Hospital	Bangkok
Medical Correctional Institution	Bangkok
Metropolitan Electricity Authority Hospital	Bangkok
National Cancer Institute	Bangkok
Naval Bangkok Hospital	Bangkok
Naval Ordnance Hospital	Bangkok
Nopparat Rajathanee Hospital	Bangkok
Phramongkutklao Hospital	Bangkok
Police General Hospital	Bangkok
Prasarnmit Hospital	Bangkok
Prasat Neurological Institute	Bangkok
Priest Hospital	Bangkok
Queen Sirikit National Institute of Child Health	Bangkok
Rajanukul Institute	Bangkok
Rajavithi Hospital	Bangkok
Ramathibodi Hospital	Bangkok
Ratchaphiphat Hospital	Bangkok
Sirindhorn Hospital	Bangkok
Siriraj Hospital	Bangkok
Somdejprapinklao Hospital	Bangkok
Somdet Chaopraya Institute of Psychiatry	Bangkok
Taksin Hospital	Bangkok
Thai Red Cross Relief and Public Health Bureau	Bangkok
Thailand Tobacco Monopoly Hospital	Bangkok
Vajira Hospital	Bangkok
Veterans General Hospital	Bangkok
Wetchakarunrasm Hospital	Bangkok
Amnat Charoen Hospital	Amnat Charoen
Chanuman Hospital	Amnat Charoen
Hua Taphan Hospital	Amnat Charoen
Lue Amnat Hospital	Amnat Charoen
Pathum Ratchawongsa Hospital	Amnat Charoen
Phanat Nikhom Hospital	Amnat Charoen
Senangkhanikhom Hospital	Amnat Charoen
Ang Thong Hospital	Ang Thong
Chaiyo Hospital	Ang Thong
Pa Mok Hospital	Ang Thong
Pho Thong Hospital	Ang Thong
Sam Ko Hospital	Ang Thong
Sawaeng Ha Hospital	Ang Thong
Wiset Chai Chan Hospital	Ang Thong
Ayutthaya Hospital	Ayutthaya
Ban Phraek Hospital	Ayutthaya
Bang Ban Hospital	Ayutthaya
Bang Pahan Hospital	Ayutthaya
Bang Pa-in Hospital	Ayutthaya
Bang Sai Hospital	Ayutthaya
Bang Sai Hospital	Ayutthaya
Explosives Factory Division Medical Center	Ayutthaya
Lat Bua Luang Hospital	Ayutthaya
Maha Rat Hospital	Ayutthaya
Phachi Hospital	Ayutthaya
Phak Hai Hospital	Ayutthaya
Sena Hospital	Ayutthaya
Somdet Phra Sangkharat Hospital	Ayutthaya
Tha Ruea Hospital	Ayutthaya
Uthai Hospital	Ayutthaya
Wang Noi Hospital	Ayutthaya
Bueng Kan Hospital	Bueng Kan
Bueng Khong Lang Hospital	Bueng Kan
Bung Khla Hospital	Bueng Kan
Pak Khat Hospital	Bueng Kan
Phon Charoen Hospital	Bueng Kan
Seka Hospital	Bueng Kan
Si Wilai Hospital	Bueng Kan
So Phisai Hospital	Bueng Kan
Ban Kruat Hospital	Buriram
Ban Mai Chaiyaphot Hospital	Buriram
Buriram Hospital	Buriram
Chaloem Phrakiat Hospital	Buriram
Chamni Hospital	Buriram
Fort Somdetchaophrayamahakasatsuek Hospital	Buriram
Huai Rat Hospital	Buriram
Khaen Dong Hospital	Buriram
Khu Mueang Hospital	Buriram
Krasang Hospital	Buriram
Lahan Sai Hospital	Buriram
Lam Plai Mat Hospital	Buriram
Nang Rong Hospital	Buriram
Non Din Daeng Hospital	Buriram
Non Suwan Hospital	Buriram
Nong Hong Hospital	Buriram
Nong Ki Hospital	Buriram
Pakham Hospital	Buriram
Phlapphla Chai Hospital	Buriram
Phutthaisong Hospital	Buriram
Prakhon Chai Hospital	Buriram
Satuek Hospital	Buriram
Ban Pho Hospital	Chachoengsao
Bang Khla Hospital	Chachoengsao
Bang Nam Priao Hospital	Chachoengsao
Bang Pakong Hospital	Chachoengsao
Chachoengsao Hospital	Chachoengsao
Phanom Sarakham Hospital	Chachoengsao
Plaeng Yao Hospital	Chachoengsao
Ratchasan Hospital	Chachoengsao
Sanam Chai Khet Hospital	Chachoengsao
Tha Takiap Hospital	Chachoengsao
Chainat Hospital	Chainat
Han Kha Hospital	Chainat
Manorom Hospital	Chainat
Sankhaburi Hospital	Chainat
Sapphaya Hospital	Chainat
Wat Sing Hospital	Chainat
Bamnet Narong Hospital	Chaiyaphum
Ban Khwao Hospital	Chaiyaphum
Ban Thaen Hospital	Chaiyaphum
Chaiyaphum Hospital	Chaiyaphum
Chatturat Hospital	Chaiyaphum
Kaeng Khro Hospital	Chaiyaphum
Kaset Sombun Hospital	Chaiyaphum
Khon San Hospital	Chaiyaphum
Khon Sawan Hospital	Chaiyaphum
Noen Sa-nga Hospital	Chaiyaphum
Nong Bua Daeng Hospital	Chaiyaphum
Nong Bua Rawae Hospital	Chaiyaphum
Phakdi Chumphon Hospital	Chaiyaphum
Phu Khiao Hospital	Chaiyaphum
Thep Sathit Hospital	Chaiyaphum
Kaeng Hang Maeo Hospital	Chanthaburi
Khao Khitchakut Hospital	Chanthaburi
khao Sukim Hospital	Chanthaburi
Khlung Hospital	Chanthaburi
Laem Sing Hospital	Chanthaburi
Makham Hospital	Chanthaburi
Na Yai Am Hospital	Chanthaburi
Phrapokklao Hospital	Chanthaburi
Pong Nam Ron Hospital	Chanthaburi
Soi Dao Hospital	Chanthaburi
Song Phi Nong Hospital	Chanthaburi
Tha Mai Hospital	Chanthaburi
Chai Prakan Hospital	Chiang Mai
Chiang Dao Hospital	Chiang Mai
Chiang Mai Municipality Hospital	Chiang Mai
Chiang Mai Neurological Hospital	Chiang Mai
Chom Thong Hospital	Chiang Mai
Dara Rasmi Hospital	Chiang Mai
Dental Hospital, Chiang Mai University	Chiang Mai
Doi Lo Hospital	Chiang Mai
Doi Saket Hospital	Chiang Mai
Doi Tao Hospital	Chiang Mai
Fang Hospital	Chiang Mai
Fort Kawila Hospital	Chiang Mai
Hang Dong Hospital	Chiang Mai
Health Promotion Hospital, 10th Regional Health Promotion Center	Chiang Mai
Hot Hospital	Chiang Mai
Mae Ai Hospital	Chiang Mai
Mae Chaem Hospital	Chiang Mai
Mae On Hospital	Chiang Mai
Mae Taeng Hospital	Chiang Mai
Mae Wang Hospital	Chiang Mai
Maharaj Nakorn Chiang Mai Hospital	Chiang Mai
Nakhon Phing Hospital	Chiang Mai
Northern Drug Dependence Treatment Center	Chiang Mai
Om Koi Hospital	Chiang Mai
Phrao Hospital	Chiang Mai
Rajanagarindra Institute of Child Development	Chiang Mai
Royal Thai Air Force Wing 41 Hospital	Chiang Mai
Samoeng Hospital	Chiang Mai
San Kamphaeng Hospital	Chiang Mai
San Pa Tong Hospital	Chiang Mai
San Sai Hospital	Chiang Mai
Saraphi Hospital	Chiang Mai
Si Chiang Mai Hospital	Chiang Mai
Suanprung Psychiatric Hospital	Chiang Mai
Wat Chan Chaloem Phrakiat Hospital Marking His Majesty the King's 80th Birthday	Chiang Mai
Wiang Haeng Hospital	Chiang Mai
Chiang Khong Crown Prince Hospital	Chiang Rai
Chiang Saen Hospital	Chiang Rai
Chiangrai Prachanukroh Hospital	Chiang Rai
Fort Mengraimaharat Hospital	Chiang Rai
Khun Tan Hospital	Chiang Rai
Mae Chan Hospital	Chiang Rai
Mae Fa Luang Hospital	Chiang Rai
Mae Fah Luang University Hospital	Chiang Rai
Mae Lao Hospital	Chiang Rai
Mae Sai Hospital	Chiang Rai
Mae Suai Hospital	Chiang Rai
Pa Daed Hospital	Chiang Rai
Phan Hospital	Chiang Rai
Phaya Mengrai Hospital	Chiang Rai
Somdet Phra Yanasangwon Hospital	Chiang Rai
Thoeng Hospital	Chiang Rai
Wiang Chiang Rung Hospital	Chiang Rai
Wiang Kaen Hospital	Chiang Rai
Wiang Pa Pao Hospital	Chiang Rai
Abhakara Kiartivongse Hospital	Chonburi
Ao Udom Hospital	Chonburi
Ban Bueng Hospital	Chonburi
Bang Lamung Hospital	Chonburi
Bo Thong Hospital	Chonburi
Burapha University Health Science Center	Chonburi
Chonburi Cancer Center	Chonburi
Chonburi Hospital	Chonburi
Fort Nawamintharachini Hospital	Chonburi
Health Promotion Hospital, 3rd Regional Health Promotion Center	Chonburi
Ko Sichang Hospital	Chonburi
Medical Battalion, Royal Thai Marine Corps	Chonburi
Medical Section, Naval Rating School	Chonburi
Medical Section, Recruit Training Center	Chonburi
Nong Yai Hospital	Chonburi
Phan Thong Hospital	Chonburi
Phanat Nikhom Hospital	Chonburi
Queen Savang Vadhana Memorial Hospital	Chonburi
Queen Sirikit Naval Hospital	Chonburi
Sattahip km 10 Hospital	Chonburi
Wat Yannasang Wararam Hospital	Chonburi
Chumphon Khet Udomsak Hospital	Chumphon
Fort Khetudomsak Hospital	Chumphon
Lamae Hospital	Chumphon
Lang Suan Hospital	Chumphon
Map Ammarit Hospital	Chumphon
Na Pho Hospital	Chumphon
Pak Nam Chumphon Hospital	Chumphon
Pak Nam Lang Suan Hospital	Chumphon
Pathio Hospital	Chumphon
Phato Hospital	Chumphon
Sawi Hospital	Chumphon
Tha Sae Hospital	Chumphon
Thung Tako Hospital	Chumphon
Huai Mek Hospital	Kalasin
Huai Phueng Hospital	Kalasin
Kalasin Hospital	Kalasin
Kamalasai Hospital	Kalasin
Kham Muang Hospital	Kalasin
Khao Wong Hospital	Kalasin
Kuchinarai Crown Prince Hospital	Kalasin
Na Mon Hospital	Kalasin
Nong Kung Si Hospital	Kalasin
Rong Kham Hospital	Kalasin
Sahatsakhan Hospital	Kalasin
Somdet Hospital	Kalasin
Tha Khantho Hospital	Kalasin
Yang Talat Hospital	Kalasin
Bueng Samakkhi Hospital	Kamphaeng Phet
Kamphaeng Phet Hospital	Kamphaeng Phet
Khanu Woralaksaburi Hospital	Kamphaeng Phet
Khlong Khlung Hospital	Kamphaeng Phet
Khlong Lan Hospital	Kamphaeng Phet
Lan Krabue Hospital	Kamphaeng Phet
Pang Sila Thong Hospital	Kamphaeng Phet
Phran Kratai Hospital	Kamphaeng Phet
Sai Ngam Hospital	Kamphaeng Phet
Sai Thong Watthana Hospital	Kamphaeng Phet
Thung Pho Thale Hospital	Kamphaeng Phet
Bo Phloi Hospital	Kanchanaburi
Chao Khun Phaibun Phanom Thuan Hospital	Kanchanaburi
Dan Makham Tia Hospital	Kanchanaburi
Fort Surasi Hospital	Kanchanaburi
Huai Krachao Chaloem Phrakiat Hospital Marking His Majesty the King's 80th Birthday	Kanchanaburi
Lao Khwan Hospital	Kanchanaburi
Makarak Hospital	Kanchanaburi
Phahon Phon Phayuha Sena Hospital	Kanchanaburi
Sai Yok Hospital	Kanchanaburi
Sangkhla Buri Hospital	Kanchanaburi
Sathan Phra Barami Hospital	Kanchanaburi
Somdet Phra Piya Maharat Hospital	Kanchanaburi
Suk Siri Si Sawat Hospital	Kanchanaburi
Tha Kradan Hospital	Kanchanaburi
Tha Muang Hospital	Kanchanaburi
Thong Pha Phum Hospital	Kanchanaburi
Ban Fang Hospital	Khon Kaen
Ban Phai Hospital	Khon Kaen
Chonnabot Hospital	Khon Kaen
Chum Phae Hospital	Khon Kaen
Fort Siphatcharin Hospital	Khon Kaen
Health Promotion Hospital, 6th Regional Health Promotion Center	Khon Kaen
Khao Suan Kwang Hospital	Khon Kaen
Khon Kaen Drug Dependence Treatment Center	Khon Kaen
Khon Kaen Hospital	Khon Kaen
Khon Kaen Rajanakarindra Psychiatric Hospital	Khon Kaen
Kranuan Crown Prince Hospital	Khon Kaen
Mancha Khiri Hospital	Khon Kaen
Nam Phong Hospital	Khon Kaen
Nong Ruea Hospital	Khon Kaen
Nong Song Hong Hospital	Khon Kaen
Phon Hospital	Khon Kaen
Phra Yuen Hospital	Khon Kaen
Phu Pha Man Hospital	Khon Kaen
Phu Wiang Hospital	Khon Kaen
Poei Noi Hospital	Khon Kaen
Queen Sirikit Heart Center of the Northeast	Khon Kaen
Sam Sung Hospital	Khon Kaen
Si Chomphu Hospital	Khon Kaen
Sirindhorn Hospital	Khon Kaen
Srinagarind Hospital	Khon Kaen
Ubolratana Hospital	Khon Kaen
Waeng Noi Hospital	Khon Kaen
Waeng Yai Hospital	Khon Kaen
Ao Luek Hospital	Krabi
Khao Phanom Hospital	Krabi
Khlong Thom Hospital	Krabi
Ko Lanta Hospital	Krabi
Krabi Hospital	Krabi
Lam Thap Hospital	Krabi
Nuea Khlong Hospital	Krabi
Plai Phraya Hospital	Krabi
Chae Hom Hospital	Lampang
Fort Surasakmontri Hospital	Lampang
Hang Chat Hospital	Lampang
Ko Kha Hospital	Lampang
Lampang Cancer Center	Lampang
Lampang Hospital	Lampang
Mae Mo Hospital	Lampang
Mae Phrik Hospital	Lampang
Mae Tha Hospital	Lampang
Mueang Pan Hospital	Lampang
Ngao Hospital	Lampang
Soem Ngam Hospital	Lampang
Sop Prap Hospital	Lampang
Thoen Hospital	Lampang
Wang Nuea Hospital	Lampang
Ban Hong Hospital	Lamphun
Ban Thi Hospital	Lamphun
Lamphun Hospital	Lamphun
Li Hospital	Lamphun
Mae Tha Hospital	Lamphun
Pa Sang Hospital	Lamphun
Thung Hua Chang Hospital	Lamphun
Chiang Khan Hospital	Loei
Dan Sai Crown Prince Hospital	Loei
Erawan Hospital	Loei
Fort Srisongrak Hospital	Loei
Loei Hospital	Loei
Loei Rajanakarindra Psychiatric Hospital	Loei
Na Duang Hospital	Loei
Na Haeo Hospital	Loei
Pak Chom Hospital	Loei
Pha Khao Hospital	Loei
Phu Kradueng Hospital	Loei
Phu Luang Hospital	Loei
Phu Ruea Hospital	Loei
Tha Li Hospital	Loei
Wang Saphung Hospital	Loei
Anandamahidol Hospital	Lopburi
Ban Mi Hospital	Lopburi
Chai Badan Hospital	Lopburi
Khok Charoen Hospital	Lopburi
Khok Samrong Hospital	Lopburi
Lam Sonthi Hospital	Lopburi
Lopburi Cancer Center	Lopburi
Lopburi Hospital	Lopburi
Nong Muang Hospital	Lopburi
Phatthana Nikhom Hospital	Lopburi
Royal Thai Air Force Wing 2 Hospital	Lopburi
Sa Bot Hospital	Lopburi
Tha Luang Hospital	Lopburi
Tha Wung Hospital	Lopburi
Khun Yuam Hospital	Mae Hong Son
Mae Hong Son Drug Dependence Treatment Center	Mae Hong Son
Mae La Noi Hospital	Mae Hong Son
Mae Sariang Hospital	Mae Hong Son
Pai Hospital	Mae Hong Son
Pang Mapha Hospital	Mae Hong Son
Sop Moei Hospital	Mae Hong Son
Srisangwan Hospital	Mae Hong Son
Borabue Hospital	Maha Sarakham
Chiang Yuen Hospital	Maha Sarakham
Kadam Hospital	Maha Sarakham
Kantharawichai Hospital	Maha Sarakham
Kosum Phisai Hospital	Maha Sarakham
Maha Sarakham Hospital	Maha Sarakham
Na Chueak Hospital	Maha Sarakham
Na Dun Hospital	Maha Sarakham
Phayakkhaphum Phisai Hospital	Maha Sarakham
Wapi Pathum Hospital	Maha Sarakham
Yang Si Surat Hospital	Maha Sarakham
Don Tan Hospital	Mukdahan
Dong Luang Hospital	Mukdahan
Khamcha-i Hospital	Mukdahan
Mukdahan Hospital	Mukdahan
Nikhom Kham Soi Hospital	Mukdahan
Nong Sung Hospital	Mukdahan
Wan Yai Hospital	Mukdahan
Ban Na Hospital	Nakhon Nayok
Chulachomklao Royal Military Academy Hospital	Nakhon Nayok
HRH Princess Maha Chakri Sirindhorn Medical Center	Nakhon Nayok
Medical Division, Armed Forces Academies Preparatory School	Nakhon Nayok
Nakhon Nayok Hospital	Nakhon Nayok
Ongkharak Hospital	Nakhon Nayok
Pak Phli Hospital	Nakhon Nayok
Bang Len Hospital	Nakhon Pathom
Chandrubeksa Hospital	Nakhon Pathom
Don Tum Hospital	Nakhon Pathom
Golden Jubilee Medical Center Mahidol University	Nakhon Pathom
Huai Phlu Hospital	Nakhon Pathom
Kamphaeng Saen Hospital	Nakhon Pathom
Luang Pho Poen Hospital	Nakhon Pathom
Mettapracharak Watraikhing Hospital	Nakhon Pathom
Nakhon Chai Si Hospital	Nakhon Pathom
Nakhon Pathom Hospital	Nakhon Pathom
Phutthamonthon Hospital	Nakhon Pathom
Sam Phran Hospital	Nakhon Pathom
Tulakan Chaloem Phrakiat Hospital	Nakhon Pathom
Ban Phaeng Hospital	Nakhon Phanom
Fort Phrayotmueangkhwang Hospital	Nakhon Phanom
Na Kae Hospital	Nakhon Phanom
Na Thom Hospital	Nakhon Phanom
Na Wa Hospital	Nakhon Phanom
Nakhon Phanom Hospital	Nakhon Phanom
Nakhon Phanom Rajanakarindra Psychiatric Hospital	Nakhon Phanom
Phon Sawan Hospital	Nakhon Phanom
Pla Pak Hospital	Nakhon Phanom
Renu Nakhon Hospital	Nakhon Phanom
Si Songkhram Hospital	Nakhon Phanom
Tha Uthen Hospital	Nakhon Phanom
That Phanom Crown Prince Hospital	Nakhon Phanom
Ban Lueam Hospital	Nakhon Ratchasima
Bua Yai Hospital	Nakhon Ratchasima
Chakkarat Hospital	Nakhon Ratchasima
Chok Chai Hospital	Nakhon Ratchasima
Chum Phuang Hospital	Nakhon Ratchasima
Dan Khun Thot Hospital	Nakhon Ratchasima
Fort Suranari Hospital	Nakhon Ratchasima
Health Promotion Hospital, 5th Regional Health Promotion Center	Nakhon Ratchasima
Health Promotion Hospital, 5th Regional Health Promotion Center	Nakhon Ratchasima
Huai Thalaeng Hospital	Nakhon Ratchasima
Kaeng Sanam Nang Hospital	Nakhon Ratchasima
Kham Sakae Saeng Hospital	Nakhon Ratchasima
Kham Thale So Hospital	Nakhon Ratchasima
Khon Buri Hospital	Nakhon Ratchasima
Khong Hospital	Nakhon Ratchasima
Lam Thamen Chai Hospital	Nakhon Ratchasima
Maharat Nakhon Ratchasima Hospital	Nakhon Ratchasima
Mueang Yang Hospital	Nakhon Ratchasima
Nakhon Ratchasima Hospital	Nakhon Ratchasima
Nakhon Ratchasima Rajanakarindra Psychiatric Hospital	Nakhon Ratchasima
Non Daeng Hospital	Nakhon Ratchasima
Non Sung Hospital	Nakhon Ratchasima
Non Thai Hospital	Nakhon Ratchasima
Nong Bunnak Hospital	Nakhon Ratchasima
Pak Chong Nana Hospital	Nakhon Ratchasima
Pak Thong Chai Hospital	Nakhon Ratchasima
Phimai Hospital	Nakhon Ratchasima
Phra Thongkham Chaloem Phrakiat Hospital Marking His Majesty the King's 80th Birthday	Nakhon Ratchasima
Prathai Hospital	Nakhon Ratchasima
Royal Thai Air Force Wing 1 Hospital	Nakhon Ratchasima
Sikhio Hospital	Nakhon Ratchasima
Soeng Sang Hospital	Nakhon Ratchasima
Sung Noen Hospital	Nakhon Ratchasima
Wang Nam Khiao Hospital	Nakhon Ratchasima
Banphot Phisai Hospital	Nakhon Sawan
Chum Saeng Hospital	Nakhon Sawan
Fort Jiraprawat Hospital	Nakhon Sawan
Health Promotion Hospital, 8th Regional Health Promotion Center	Nakhon Sawan
Kao Liao Hospital	Nakhon Sawan
Krok Phra Hospital	Nakhon Sawan
Lat Yao Hospital	Nakhon Sawan
Mae Wong Hospital	Nakhon Sawan
Nakhon Sawan Rajanakarindra Psychiatric Hospital	Nakhon Sawan
Naresuan University Hospital	Nakhon Sawan
Nong Bua Hospital	Nakhon Sawan
Phaisali Hospital	Nakhon Sawan
Phayuha Khiri Hospital	Nakhon Sawan
Royal Thai Air Force Wing 4 Hospital	Nakhon Sawan
Sawan Pracharak Hospital	Nakhon Sawan
Tak Fa Hospital	Nakhon Sawan
Takhli Hospital	Nakhon Sawan
Tha Tako Hospital	Nakhon Sawan
Bang Khan Hospital	Nakhon Si Thammarat
Cha-uat Hospital	Nakhon Si Thammarat
Chawang Crown Prince Hospital	Nakhon Si Thammarat
Chian Yai Hospital	Nakhon Si Thammarat
Chulabhorn Hospital	Nakhon Si Thammarat
Fort Thepsatrisisunthon Hospital	Nakhon Si Thammarat
Fort Vajiravudh Hospital	Nakhon Si Thammarat
Health Promotion Hospital, 11th Regional Health Promotion Center	Nakhon Si Thammarat
Hua Sai Hospital	Nakhon Si Thammarat
Khanom Hospital	Nakhon Si Thammarat
Lan Saka Hospital	Nakhon Si Thammarat
Maharat Nakhon Si Thammarat Hospital	Nakhon Si Thammarat
Na Bon Hospital	Nakhon Si Thammarat
Nakhon Si Thammarat City Hospital	Nakhon Si Thammarat
Pak Phanang Hospital	Nakhon Si Thammarat
Phanom Khiri Hospital	Nakhon Si Thammarat
Phipun Hospital	Nakhon Si Thammarat
Ron Phibun Hospital	Nakhon Si Thammarat
Sichon Hospital	Nakhon Si Thammarat
Sirindhorn Red Cross Health Station	Nakhon Si Thammarat
Tha Sala Hospital	Nakhon Si Thammarat
Tham Phannara Hospital	Nakhon Si Thammarat
Thung Song Hospital	Nakhon Si Thammarat
Thung Yai Hospital	Nakhon Si Thammarat
Ban Luang Hospital	Nan
Bo Kluea Hospital	Nan
Chaloem Phrakiat Hospital	Nan
Chiang Klang Hospital	Nan
Fort Suriyaphong Hospital	Nan
Mae Charim Hospital	Nan
Na Muen Hospital	Nan
Na Noi Hospital	Nan
Nan Hospital	Nan
Pua Crown Prince Hospital	Nan
Santisuk Hospital	Nan
Song Khwae Hospital	Nan
Tha Wang Pha Hospital	Nan
Thung Chang Hospital	Nan
Wiang Sa Hospital	Nan
Ba Cho Hospital	Narathiwat
Chanae Hospital	Narathiwat
Cho Ai Rong Hospital	Narathiwat
Naradhiwas Rajanagarindra Hospital	Narathiwat
Ra-ngae Hospital	Narathiwat
Rue So Hospital	Narathiwat
Si Sakhon Hospital	Narathiwat
Sukhirin Hospital	Narathiwat
Su-ngai Kolok Hospital	Narathiwat
Su-ngai Padi Hospital	Narathiwat
Tak Bai Hospital	Narathiwat
Waeng Hospital	Narathiwat
Yi Ngo Chaloem Phrakiat Hospital Marking His Majesty the King's 80th Birthday	Narathiwat
Na Klang Hospital	Nong Bua Lamphu
Na Wang Chaloem Phrakiat Hospital Marking His Majesty the King's 80th Birthday	Nong Bua Lamphu
Non Sang Hospital	Nong Bua Lamphu
Nong Bua Lamphu Hospital	Nong Bua Lamphu
Si Bun rueang Hospital	Nong Bua Lamphu
Suwannakhuha Hospital	Nong Bua Lamphu
Nong Khai Hospital	Nong Khai
Phon Phisai Hospital	Nong Khai
Sa Khrai Hospital	Nong Khai
Sangkhom Hospital	Nong Khai
Tha Bo Crown Prince Hospital	Nong Khai
Bamrasnaradura Infectious Diseases Institute	Nonthaburi
Bang Bua Thong Hospital	Nonthaburi
Bang Kruai Hospital	Nonthaburi
Bang Yai Hospital	Nonthaburi
Central Chest Institute of Thailand	Nonthaburi
Pak Kret Hospital	Nonthaburi
Panyananthaphikkhu Chonprathan Medical Center	Nonthaburi
Phra Nang Klao Hospital	Nonthaburi
Sai Noi Hospital	Nonthaburi
Sirindhorn National Medical Rehabilitation Centre	Nonthaburi
Srithanya Hospital	Nonthaburi
Khlong Luang Hospital	Pathum Thani
Lam Luk Ka Hospital	Pathum Thani
Lat Lum Kaeo Hospital	Pathum Thani
Maha Vajiralongkorn Cancer Centre	Pathum Thani
Nong Suea Hospital	Pathum Thani
Pathum Thani Hospital	Pathum Thani
Prachathipat Hospital	Pathum Thani
Sam Khok Hospital	Pathum Thani
Thammasat University Hospital	Pathum Thani
Thanyaburi Hospital	Pathum Thani
Thanyarak Institute	Pathum Thani
Fort Inkhayutthaborihan Hospital	Pattani
Kapho Hospital	Pattani
Khok Pho Hospital	Pattani
Mae Lan Hospital	Pattani
Mai Kaen Hospital	Pattani
Mayo Hospital	Pattani
Nong Chik Hospital	Pattani
Panare Hospital	Pattani
Pattani Drug Dependence Treatment Center	Pattani
Pattani Hospital	Pattani
Sai Buri Crown Prince Hospital	Pattani
Thung Yang Daeng Hospital	Pattani
Yarang Hospital	Pattani
Yaring Hospital	Pattani
Bang Sai Hospital	Phang Nga
Kapong Chaiphat Hospital	Phang Nga
Khura Buri Chaiphat Hospital	Phang Nga
Ko Yao Chaiphat Hospital	Phang Nga
Phang Nga Hospital	Phang Nga
Phang Nga Naval Base Hospital	Phang Nga
Takua Pa Hospital	Phang Nga
Takua Thung Hospital	Phang Nga
Thai Mueang Hospital	Phang Nga
Thap Put Hospital	Phang Nga
Bang Kaew Hospital	Phatthalung
Khao Chai Son Hospital	Phatthalung
Khuan Khanun Hospital	Phatthalung
Kong Ra Hospital	Phatthalung
Pa Bon Hospital	Phatthalung
Pa Phayom Hospital	Phatthalung
Pak Phayun Hospital	Phatthalung
Phatthalung Hospital	Phatthalung
Si Banphot Hospital	Phatthalung
Tamot Hospital	Phatthalung
Chiang Kham Hospital	Phayao
Chiang Muan Hospital	Phayao
Chun Hospital	Phayao
Dok Kham Tai Hospital	Phayao
Fort Khunchueangthammikkarat Hospital	Phayao
Mae Chai Hospital	Phayao
Phayao Hospital	Phayao
Pong Hospital	Phayao
Bueng Sam Phan Hospital	Phetchabun
Chon Daen Hospital	Phetchabun
Fort Phokhunphamueang Hospital	Phetchabun
Khao Kho Hospital	Phetchabun
Lom Kao Crown Prince Hospital	Phetchabun
Lom Sak Hospital	Phetchabun
Nam Nao Hospital	Phetchabun
Nong Phai Hospital	Phetchabun
Phetchabun Hospital	Phetchabun
Si Thep Hospital	Phetchabun
Wang Pong Hospital	Phetchabun
Wichian Buri Hospital	Phetchabun
Ban Laem Hospital	Phetchaburi
Ban Lat Hospital	Phetchaburi
Cha-am Hospital	Phetchaburi
Fort Ramratchaniwet Hospital	Phetchaburi
Kaeng Krachan Hospital	Phetchaburi
Khao Yoi Hospital	Phetchaburi
Nong Ya Plong Hospital	Phetchaburi
Phra Chom Klao Hospital	Phetchaburi
Tha Yang Hospital	Phetchaburi
Bang Mun Nak Hospital	Phichit
Phichit Hospital	Phichit
Pho Prathap Chang Hospital	Phichit
Pho Thale Hospital	Phichit
Sam Ngam Hospital	Phichit
Tapan Hin Crown Prince Hospital	Phichit
Thap Khlo Hospital	Phichit
Wachirabarami Hospital	Phichit
Wang Sai Phun Hospital	Phichit
Bang Krathum Hospital	Phitsanulok
Bang Rakam Hospital	Phitsanulok
Buddhachinaraj Hospital	Phitsanulok
Chat Trakan Hospital	Phitsanulok
Fort Saritsena Hospital	Phitsanulok
Fort Somdet Phra Naresuan Maharat Hospital	Phitsanulok
Nakhon Thai Crown Prince Hospital	Phitsanulok
Noen Ma Prang Hospital	Phitsanulok
Phrom Phiram Hospital	Phitsanulok
Royal Thai Air Force Wing 46 Hospital	Phitsanulok
Wang Thong Hospital	Phitsanulok
Wat Bot Hospital	Phitsanulok
Den Chai Crown Prince Hospital	Phrae
Long Hospital	Phrae
Nong Muang Khai Hospital	Phrae
Phrae Hospital	Phrae
Rong Kwang Hospital	Phrae
Song Hospital	Phrae
Sung Men Hospital	Phrae
Wang Chin Hospital	Phrae
Patong Hospital	Phuket
Thalang Hospital	Phuket
Vachira Phuket Hospital	Phuket
Ban Sang Hospital	Prachinburi
Chaophaya Abhaibhubejhr Hospital	Prachinburi
Fort Chakkraphong Hospital	Prachinburi
Kabin Buri Hospital	Prachinburi
Na Di Hospital	Prachinburi
Prachantakham Hospital	Prachinburi
Si Maha Phot Hospital	Prachinburi
Si Mahosot Hospital	Prachinburi
Bang Saphan Hospital	Prachuap Khiri Khan
Bang Saphan Noi Hospital	Prachuap Khiri Khan
Fort Thanarat Hospital	Prachuap Khiri Khan
Hua Hin Chalerm Prakiet Red Cross Health Station	Prachuap Khiri Khan
Hua Hin Hospital	Prachuap Khiri Khan
Kui Buri Hospital	Prachuap Khiri Khan
Prachuap Khiri Khan Hospital	Prachuap Khiri Khan
Pran Buri Hospital	Prachuap Khiri Khan
Royal Thai Air Force Wing 53 Hospital	Prachuap Khiri Khan
Sam Roi Yot Hospital	Prachuap Khiri Khan
Thap Sakae Hospital	Prachuap Khiri Khan
Kapoe Hospital	Ranong
Kra Buri Hospital	Ranong
La-un Hospital	Ranong
Ranong Hospital	Ranong
Suk Samran Hospital	Ranong
Ban Pong Hospital	Ratchaburi
Bang Phae Hospital	Ratchaburi
Chet Samian Hospital	Ratchaburi
Chom Bueng Crown Prince Hospital	Ratchaburi
Damnoen Saduak Hospital	Ratchaburi
Fort Phanurangsi Hospital	Ratchaburi
Health Promotion Hospital, 4th Regional Health Promotion Center	Ratchaburi
Pak Tho Hospital	Ratchaburi
Photharam Hospital	Ratchaburi
Ratchaburi Hospital	Ratchaburi
Suan Phueng Hospital	Ratchaburi
Wat Phleng Hospital	Ratchaburi
Ban Chang Hospital	Rayong
Ban Khai Hospital	Rayong
Khao Chamao Chaloem Phrakiat Hospital Marking His Majesty the King's 80th Birthday	Rayong
Klaeng Hospital	Rayong
Map Ta phut Hospital	Rayong
Medical Section, Naval Air Station	Rayong
Nikhom Phatthana Hospital	Rayong
Pluak Daeng Hospital	Rayong
Rayong Hospital	Rayong
Wang Chan Hospital	Rayong
At Samat Hospital	Roi Et
Changhan Hospital	Roi Et
Chaturaphak Phiman Hospital	Roi Et
Fort Somdet Phraphutthayotfa Chulalok Maharat Hospital	Roi Et
Kaset Wisai Hospital	Roi Et
Moei Wadi Hospital	Roi Et
Mueang Suang Hospital	Roi Et
Nong Phok Hospital	Roi Et
Pathum Rat Hospital	Roi Et
Phanom Phrai Hospital	Roi Et
Pho Chai Hospital	Roi Et
Phon Sai Hospital	Roi Et
Phon Thong Hospital	Roi Et
Roi Et Hospital	Roi Et
Sale Phum Hospital	Roi Et
Si Somdet Hospital	Roi Et
Suwannaphum Hospital	Roi Et
Thawat Buri Hospital	Roi Et
Aranyaprathet Hospital	Sa Kaew
Fort Surasinghanat Hospital	Sa Kaew
Khao Chakan Hospital	Sa Kaew
Khlong Hat Hospital	Sa Kaew
Sa Kaew Crown Prince Hospital	Sa Kaew
Sa Kaew Rajanakarindra Psychiatric Hospital	Sa Kaew
Ta Phraya Hospital	Sa Kaew
Wang Nam Yen Hospital	Sa Kaew
Watthana Nakhon Hospital	Sa Kaew
Akat Amnuai Hospital	Sakon Nakhon
Ban Muang Hospital	Sakon Nakhon
Charoen Sin Hospital	Sakon Nakhon
Fort Krit Srivara Hospital	Sakon Nakhon
Kham Ta Kla Hospital	Sakon Nakhon
Khok Si Suphan Hospital	Sakon Nakhon
Kusuman Hospital	Sakon Nakhon
Kut Bak Hospital	Sakon Nakhon
Nikhom Nam Un Hospital	Sakon Nakhon
Phang Khon Hospital	Sakon Nakhon
Phon Na Kaew Hospital	Sakon Nakhon
Phra Achan Ban Thanakaro Hospital	Sakon Nakhon
Phra Achan Fan Acharo Hospital	Sakon Nakhon
Sakon Nakhon Hospital	Sakon Nakhon
Sawang Daen Din Crown Prince Hospital	Sakon Nakhon
Song Dao Hospital	Sakon Nakhon
Tao Ngoi Hospital	Sakon Nakhon
Wanon Niwat Hospital	Sakon Nakhon
Warichaphum Hospital	Sakon Nakhon
Bang Bo Hospital	Samut Prakan
Bang Chak Hospital	Samut Prakan
Bang Phli Hospital	Samut Prakan
Phra Chulachomklao Fortress Hospital	Samut Prakan
Phra Samut Chedi Hospital	Samut Prakan
Ratchapracha Samasai Institute	Samut Prakan
Royal Thai Naval Academy Hospital	Samut Prakan
Samut Prakan Hospital	Samut Prakan
Thai Red Cross Rehabilitation Center	Samut Prakan
Yuwaprasart Waithayopathum Hospital	Samut Prakan
Banphaeo Hospital	Samut Sakhon
Krathum Ban Hospital	Samut Sakhon
Samut Sakhon Hospital	Samut Sakhon
Amphawa Hospital	Samut Songkhram
Napalai Hospital	Samut Songkhram
Samut Songkhram Hospital	Samut Songkhram
Ban Mo Hospital	Saraburi
Don Phut Hospital	Saraburi
Fort Adison Hospital	Saraburi
Health Promotion Hospital, 2nd Regional Health Promotion Center	Saraburi
Kaeng Khoi Hospital	Saraburi
Muak Lek Hospital	Saraburi
Nong Don Hospital	Saraburi
Nong Khae Hospital	Saraburi
Nong Saeng Hospital	Saraburi
Phra Phutthabat Hospital	Saraburi
Sao Hai Hospital	Saraburi
Saraburi Hospital	Saraburi
Wang Muang Hospital	Saraburi
Wihan Daeng Hospital	Saraburi
Khuan Don Hospital	Satun
Khuan Ka Long Hospital	Satun
La-ngu Hospital	Satun
Satun Hospital	Satun
Tha Phae Hospital	Satun
Thung Wa Hospital	Satun
Bang Rachan Hospital	Singburi
In Buri Hospital	Singburi
Khai Bang Rachan Hospital	Singburi
Phrom Buri Hospital	Singburi
Singburi Hospital	Singburi
Tha Chang Hospital	Singburi
Benchalak Chaloem Phrakiat Hospital Marking His Majesty the King's 80th Birthday	Sisaket
Bueng Bn Hospital	Sisaket
Huai Thap Than Hospital	Sisaket
Kantharalak Hospital	Sisaket
Kanthararom Hospital	Sisaket
Khu Khan Hospital	Sisaket
Khun Han Hospital	Sisaket
Mueang Chan Hospital	Sisaket
Nam Kliang Hospital	Sisaket
Non Khun Hospital	Sisaket
Phrai Bueng Hospital	Sisaket
Phu Sing Hospital	Sisaket
Prang Ku Hospital	Sisaket
Rasi Salai Hospital	Sisaket
Si Rattana Hospital	Sisaket
Sisaket Hospital	Sisaket
Uthumphon Phisai Hospital	Sisaket
Wang Hin Hospital	Sisaket
Yang Chum Noi Hospital	Sisaket
Bang Klam Hospital	Songkhla
Chana Hospital	Songkhla
Fort Senanarong Hospital	Songkhla
Hatyai Hospital	Songkhla
Her Majesty the Queen's Hospital Na Thawi	Songkhla
Khlong Hoi Khong Hospital	Songkhla
Khuan Niang Hospital	Songkhla
Krasae Sin Hospital	Songkhla
Na Mom Hospital	Songkhla
Padang Besar Hospital	Songkhla
Prince of Songkla University Dental Hospital	Songkhla
Ranot Hospital	Songkhla
Rattaphum Hospital	Songkhla
Royal Thai Air Force Wing 56 Hospital	Songkhla
Saba Yoi Hospital	Songkhla
Sadao Hospital	Songkhla
Sathing Phra Hospital	Songkhla
Singha Nakhon Hospital	Songkhla
Songkhla Drug Dependence Treatment Center	Songkhla
Songkhla Hospital	Songkhla
Songkhla Naval Base Hospital	Songkhla
Songkhla Rajanakarindra Psychiatric Hospital	Songkhla
Songklanagarind Hospital	Songkhla
Thepha Hospital	Songkhla
Ban Dan Lan Hoi Hospital	Sukhothai
Khiri Mat Hospital	Sukhothai
Kon Krailat Hospital	Sukhothai
Sawankhalok Hospital	Sukhothai
Si Nakhon Hospital	Sukhothai
Si Satchanalai Hospital	Sukhothai
Srisangwon Sukhothai Hospital	Sukhothai
Sukhothai Hospital	Sukhothai
Thung Saliam Hospital	Sukhothai
Bang Pla Ma Hospital	Suphanburi
Chaophraya Yommaraj Hospital	Suphanburi
Dan Chang Hospital	Suphanburi
Doem Bang Nang Buat Hospital	Suphanburi
Don Chedi Hospital	Suphanburi
Nong Ya Sai Hospital	Suphanburi
Sam Chuk Hospital	Suphanburi
Si Prachan Hospital	Suphanburi
Somdejprasangkharach XVII Hospital	Suphanburi
U Thong Hospital	Suphanburi
Ban Na Doem Hospital	Surat Thani
Ban Na San Hospital	Surat Thani
Ban Ta Khun Hospital	Surat Thani
Chai Buri Hospital	Surat Thani
Chaiya Hospital	Surat Thani
Don Sak Hospital	Surat Thani
Fort Wiphavadirangsit Hospital	Surat Thani
Kanchanadit Hospital	Surat Thani
Khian Sa Hospital	Surat Thani
Khiri Rat Nikhom Hospital	Surat Thani
Ko Phangan Hospital	Surat Thani
Ko Samui Hospital	Surat Thani
Phanom Hospital	Surat Thani
Phra Saeng Hospital	Surat Thani
Phun Phin Hospital	Surat Thani
Royal Thai Air Force Wing 67 Hospital	Surat Thani
Suan Saranrom Psychiatric Hospital	Surat Thani
Surat Thani Cancer Center	Surat Thani
Surat Thani Hospital	Surat Thani
Tha Chana Hospital	Surat Thani
Tha Chang Hospital	Surat Thani
Tha Rong Chang Hospital	Surat Thani
Vibhavadi Hospital	Surat Thani
Wiang Sa Crown Prince Hospital	Surat Thani
Bua Chet Hospital	Surin
Chom Phra Hospital	Surin
Chumphon Buri Hospital	Surin
Fort Wirawatyothin Hospital	Surin
Kap Choeng Hospital	Surin
Lamduan Hospital	Surin
Phanom Dongrak Chaloem Phrakiat Hospital Marking His Majesty the King's 80th Birthday	Surin
Prasat Hospital	Surin
Rattanaburi Hospital	Surin
Samrong Thap Hospital	Surin
Sangkha Hospital	Surin
Sanom Hospital	Surin
SiKhoraphum Hospital	Surin
Surin Hospital	Surin
Tha Tum Hospital	Surin
Ban Tak Hospital	Tak
Fort Wachiraprakan Hospital	Tak
Mae Ramat Hospital	Tak
Mae Sot Hospital	Tak
Phop Phra Hospital	Tak
Sam Ngao Hospital	Tak
Somdet Phrachao Taksin Maharat Hospital	Tak
Tha Song Yang Hospital	Tak
Umphang Hospital	Tak
Huai Yot Hospital	Trang
Kantang Hospital	Trang
Na Yong Hospital	Trang
Palian Hospital	Trang
Ratsada Hospital	Trang
Sikao Hospital	Trang
Trang Hospital	Trang
Trang Regional Center of Tropical Dermatology	Trang
Wang Wiset Hospital	Trang
Yan Ta Khao Hospital	Trang
Bo Rai Hospital	Trat
Khao Saming Hospital	Trat
Khlong Yai Hospital	Trat
Ko Chang Hospital	Trat
Ko Kut Hospital	Trat
Laem Ngop Hospital	Trat
Trat Hospital	Trat
Buntharik Hospital	Ubon Ratchathani
Det Udom Crown Prince Hospital	Ubon Ratchathani
Don Mot Daeng Hospital	Ubon Ratchathani
Fort Sapphasitprasong Hospital	Ubon Ratchathani
Health Promotion Hospital, 7th Regional Health Promotion Center	Ubon Ratchathani
Khemarat Hospital	Ubon Ratchathani
Khong Chiam Hospital	Ubon Ratchathani
Khueang Nai Hospital	Ubon Ratchathani
Kut Khao Pun Hospital	Ubon Ratchathani
Muang Sam Sip Hospital	Ubon Ratchathani
Na Cha Luai Hospital	Ubon Ratchathani
Nam Yuen Hospital	Ubon Ratchathani
Phibun Mangsahan Hospital	Ubon Ratchathani
Pho Sai Hospital	Ubon Ratchathani
Prasrimahabhodi Psychiatric Hospital	Ubon Ratchathani
Prince Maha Vajiralongkorn 50th Birthday Hospital	Ubon Ratchathani
Royal Thai Air Force Wing 21 Hospital	Ubon Ratchathani
Samrong Hospital	Ubon Ratchathani
Sappasit Prasong Hospital	Ubon Ratchathani
Si Mueang Mai Hospital	Ubon Ratchathani
Sirihdhorn Hospital	Ubon Ratchathani
Tan Sum Hospital	Ubon Ratchathani
Thung Si Udom Hospital	Ubon Ratchathani
Trakan Phuet Phon Hospital	Ubon Ratchathani
Ubon Ratchathani Cancer Center	Ubon Ratchathani
Warin Chamrap Hospital	Ubon Ratchathani
Ban Dung Crown Prince Hospital	Udon Thani
Ban Phue Hospital	Udon Thani
Chai Wan Hospital	Udon Thani
Fort Prachaksilapakhom Hospital	Udon Thani
Huai Koeng Hospital	Udon Thani
Kumphawapi Hospital	Udon Thani
Kut Chap Hospital	Udon Thani
Na Yung Hospital	Udon Thani
Nam Som Hospital	Udon Thani
Non Sa-at Hospital	Udon Thani
Nong Han Hospital	Udon Thani
Nong Saeng Hospital	Udon Thani
Nong Wua So Hospital	Udon Thani
Phen Hospital	Udon Thani
Phibun Rak Hospital	Udon Thani
Royal Thai Air Force Wing 23 Hospital	Udon Thani
Sang Khom Hospital	Udon Thani
Si That Hospital	Udon Thani
Thung Fon Hospital	Udon Thani
Udon Thani Cancer Center	Udon Thani
Udon Thani Drug Dependence Treatment Center	Udon Thani
Udon Thani Hospital	Udon Thani
Wang Sam Mo Hospital	Udon Thani
Ban Rai Hospital	Uthai Thani
Huai Khot Hospital	Uthai Thani
Lan Sak Hospital	Uthai Thani
Nong Chang Hospital	Uthai Thani
Nong Kha Yang Hospital	Uthai Thani
Sawang Arom Hospital	Uthai Thani
Thap Than Hospital	Uthai Thani
Uthai Thani Hospital	Uthai Thani
Ban Khok Hospital	Uttaradit
Fak Tha Hospital	Uttaradit
Fort Phichaidaphak Hospital	Uttaradit
Lap Lae Hospital	Uttaradit
Nampat Hospital	Uttaradit
Phichai Hospital	Uttaradit
Tha Pla Hospital	Uttaradit
Thong Saen Khan Hospital	Uttaradit
Tron Hospital	Uttaradit
Uttaradit Hospital	Uttaradit
Bannang Sata Hospital	Yala
Betong Hospital	Yala
Health Promotion Hospital, 2th Regional Health Promotion Center	Yala
Kabang Hospital	Yala
Raman Hospital	Yala
Than To Hospital	Yala
Yaha Crown Prince Hospital	Yala
Yala Hospital	Yala
Kham Khuean Kaew Hospital	Yasothon
Kho Wang Hospital	Yasothon
Kut Chum Hospital	Yasothon
Loeng Nok Tha Crown Prince Hospital	Yasothon
Maha Chana Chai Hospital	Yasothon
Pa Tio Hospital	Yasothon
Sai Mun Hospital	Yasothon
Thai Charoen Hospital	Yasothon
Yasothon Hospital	Yasothon
Bumrungrad Hospital	Wattana
Ramkhamhaeng Hospital	Bangkapi
Thonburi Hospital	Noi
St. Louis Hospital	Sathorn
Yanhee Hospital	Andover
Mick McCormick Hospital	Chaingmai
Kasemrad Hospital Nonthaburi	Nonthaburi
Hospital Kasemrad PRACHACHUEN	Wongsawang
Phyathai 1	Bangkok
Hua Chiew Hospital	Pom Prap Sattru Phai
Hospital Kasemrad Khae	Bangkok
 SYNPHAET HOSPITAL	Khanna
Samitivej	Wattana
Bangkok hospital Nakhon pathom	Nakhon Pathom
Paolo Memorial Hospital.	Phayathai
Vejthani	Bangkapi
Bangkok hospital	Kwang
Hospital AIKCHOL	Chonburi
Phyathai 2 Hospital	Phayathai
Hospital capital	Ayutthaya
Vibhavadi Hospital	Chatuchak
Bangkok Hospital Pattaya	Banglamung
Rosa Hospital Medical Center	Samut Prakan
Friendship Memorial Hospital.	Saraburi
Vichaiyut	Phayathai
PYT3	Phasi Charoen
Over hospital Scilly	Chiang Rai
Chiang Mai Ram Hospital	Chiang Rai
SIKARIN's Hospital.	Bangkok
Hospital Doctor ( Doctor infinite ).	Surin
Hospital Nonthavej	Nonthaburi
Hospital Mot	Chom Thong
Hospital Navamin 9.	Min Buri
Bangkok 9 International Hospital.	Chom Thong
Chaophya Hospital	Noi
Central General Hospital Hill.	Bang Khen
Hospital Vichaivej International Nong	Nong
Hospital Petcharavej	Kwang
Karun Hospital Medical Thani	Klongnueng
PathumVej Hospital	Thunyaburi
Hospital Pathum	Thunyaburi
Bangkok Hospital Phuket	Phuket City
Bangkok Hatyai Hospital	Hat Yai
Hospital Piyamin	Phli
Bangpakok 3 hospital	Bang Kru
Paolo Memorial Hospital, Samut Prakan.	Samut Prakan.
Ocean City Hospital Pak Nam	Pak Nam
Hospital Vichaivej International Om	Baen
Saraburi Hospital Kasemrad	Saraburi
Thaksin Hospital	Surat Thani
Khon Kaen Ram Hospital	Khon Kaen
Bangkok Christian Hospital	Bang rak
Hospital Rajyindee	Hat Yai
Thailand Thai Nakarin Hospital	Na
Mission Hospital	Dusit
Hospital Navamin	Min Buri
Bangkok Hospital	Wang Thong Lang
Lanna Hospital	Chiang Mai
Hospitals Sri heaven	Nakhon Sawan
Mahachai Hospital	Muang
Hospital Suphamit	Suphanburi
Bangkok Hospital Chanthaburi	Chanthaburi
Rama 9 Hospital	Kwang
Mayo Hospital	Chatuchak
Kluaynamthai Hospital	Klong Toey
Rangsit General Hospital	Fatigue LUK
Samitivej Srinakarin	Park
Hospital Phuket	Phuket City
Samitivej Hospital in Bangkok	Thonburi
Hospital NakornThon	Thian
Seriruk Hospital	Min Buri
Sukhumvit Hospital	Wattana
Vibharam	Park
Piyavate	Kwang
Phyathai Sriracha Hospital	Sriracha
University Medical Hospital in Chiang Mai	Chiang Mai
Trang Hospital Doctor	Trang
Hospital Nakhon Ratchasima	Nakhon Ratchasima
Bangkok Ratchasima Hospital	Nakhon Ratchasima
St. Mary hospital	Nakhon Ratchasima
World's Hospital Medical Center.	Pak
Hospital medical Pisanu	Phitsanulok
Bangkok Hospital Rayong	Rayong City
Hospital Phetkasem 2	Phasi Charoen
Rajanagarindra Hospital Kidney Institute	Rat
Hospital Navamin.	Kum
Ocean City's grand  hospital	Samut Prakan
SamitivejSrirachaHospital	Sriracha
Bcare medical center	Bangkok
Chularat Hospital 3	Phli
Hospital Mahesak	Bang rak
Hospital Burana	Rat Burana
Hospital Bangpakok 8	Bon
Hospital Bangpakok 1	Rat Burana
Paolo Memorial Hospital, Chokchai 4.	Ladprao
Camilian Hospital	Wattana
Hospital Kasemrad Sriburin	Chiang Rai
Hospital Central Chiang Mai Memorial.	Chiang Mai
Wattana Hospital Trang 	Trang
Hospital SIKARIN Hat Yai.	Hat Yai
Hospital Central Park	Phli
Mahachai Hospital 2	Baen
Hospital Vichaivej The Hospital	Muang
Hospital Medical Vichaiyut	Phayathai
Rama 2 Hospital	Thian
Hospital แptispayya	Park
Hospital Theppanya	Chiang Mai
Arun Chai Hospital Medical	Phichit
Nakarin Hospital	Chang wat
Karun Hospital Medical Ayutthaya	Pa
Hospital Kelang City -Ram.	City Lampang Lampang
Hospital Na 1	Na
Elephant Hospital	Chiang mai
Bangkok Hospital Medical Juree	Roi Et
Vibharam - Chaiprakarn.	Tambon Tha Klang
Po Hospital	Sue
Phai Hospital	Phasi Charoen
Deja Hospital	Rat
Prachapat hospital	Rat Burana
Hospital Suksawat	Rat Burana
Hospital medical sanitation Karun 3	Bangkok
Saimai Hospital	Bangkok
The hospital Mongkutwattana.	Bangkok
Krabi Hospital, Prince International Hotel.	Krabi
Kanchanaburi Memorial Hospital.	Kanchanaburi
Chularat Hospital 11	Pakong
Chachoengsao Hospital Kasemrad	Chachoengsao
Hospital AIKCHOL 2	Chonburi
Vibharam Laem Chabang	Sriracha
Thonburi Hospital -Chumphon	Chumphon
Hospital Virat Gallery	Chumphon
Bangkok Hospital Trat	Trad
Mae Sot Hospital - Ram	Mae Sot
Hospital Etpakr	Nakhon Pathom
The hospital's mouth water	Nakhon Sawan
Hospital tiered umbrella	Nakhon Sawan
Hospital medical Ratana	Nakhon Sawan
Hospitals in Thailand	Pak
Vibharam Pak	Pak
Phatara Thonburi Hospital	All Rights Reserved
Krung Siam St Carlos Hospital Los Angeles.	Pathum Thani
Hospital capital Rojana	Pa
Hospital Suphamit Sena	Sena
Phayao Ram Hospital	Phayao
Hospital Phitsanulok	Phitsanulok
Hospital doctors Phitsanulok	Phitsanulok
Hospital Petcharat	Phetchaburi
Diamond hospital	Phetchaburi
Roi Et Hospital - thon	Roi Et
Hospital Rayong crown	Rayong City
San Camillo Hospital.	Pong
Kingdom Hospital	Muang Ratchaburi
Hospital Haripunchai Memorial.	La Poon
Loei Ram Hospital	Loei
Mr. Pracha Rak Hospital	Bo
Chularat Hospital 9	Phli
Hospital Na 5	Phli
Hospital Na 2	Samut Prakan
Hospitals Rutgers Rin.	Samut Prakan
Mahachai Hospital 3	Muang
Ekachai Hospital	Muang
Hospital Nongkhai -Wattana	Khai
Bangkok Hospital Udon	Udon Thani
Hospital North Eastern Wattana.	Udon Thani
Hospital Aekudon	Udon Thani
Ubon Royal Hospital Medicine	Ubon Ratchathani
Ubon Thonburi Hospital Care	Ubon Ratchathani
Thonburi Hospital 2	Wattana
Srivej Hospital	Chanthaburi
Bangkok Hospital Medical Center.	Chiang mai
Bangkok Hospital, Bangkok	Nakhon Pathom
Ram Hospital	Buriram
United Hospital Medical	Phichit
BNH Hospital	Bang rak
Theptarin Hospital	Klong Toey
Hospital kluaynamthai2	Na
Hospital Pattaya International Hospital.	Banglamung
Hospital President Kan.	Kanchanaburi
Vichaiyut.	Phayathai
Thian Fah Foundation Hospital	Samphanthawong Bangkok
Golden Years Nursing Home's chronic patients.	Kwang
RuamPheat chai Nat hospital	Chainat
Chaiyaphum Hospital -Ram	Chaiyaphum
Salaya Manor Nursing Home nursing chronic patients.	Buddha
The Golden Gate Hospital.	Nakhon Ratchasima
Bangkok Hospital	Hua Hin
Hospital San Paolo Hua Hin	Hua Hin
Hospital Medical International	Phitsanulok
Hospital infection - Ram	Phrae
Phrae Christian Hospital	Phrae
Mukdahan International Hospital	Mukdahan
Hospital audacious International	Yasothon
Hospital Siroros	Yala city
Bangkok Hospital Phrapradaeng 	Phra Samut Chedi
Hospital drum	city ​​Fleet
Singburi Hospital for medical help ( doctors splendid ).	Muang Sing
Medical City Hospital	Sukhothai
Thonburi Hospital - U	Suphan Buri
Vibhavadi Medical Center- Memorial Forum	Suphan Buri
Surin Hospital Doctor	Surin
 SYNPHAET PEDIATRICS HOSPITAL	Khanna
The Ratchadaphisek area ealderly  hospitals, Sr.	Chatuchak
Hospital Srivijaya	Noi
Metropolitan Hospital, Phat	Nakhon Si Thammarat
HOSPITALS Chiva	Hua Hin
Sirirat Hospital Medical Lumphoon	La Poon
Angthong Hospital medical help for two ( Doc splendid ).	Ang
Children's Hospital, Bangkok, Phitsanulok	Phitsanulok
Narayana Hospital	Lop Buri, Lop Buri
Bangkok Heart Hospital	Kwang
Hospital Khon Kaen	Khon Kaen
Chiang Mai Hospital Doctor	Chiang mai
Rangsit General Hospital, mother and children.	Fatigue LUK
Concord Hospital's ( Sierra Foundation Teg Shanghai Tung ).	Hat Yai
Hospital Piyavej switch Bowin.	Sriracha
Hospital medical Peronne	Ayutthaya
KWONG CHOW hospital	Pom Prap Sattru Phai
Newark Manor Nursing Home Sri hospital.	Wang Thong Lang
Hospital Teerawat	Kalasin
Akch hospital	The wall of Diamond City
Rachapreuk Hospital	Khon Kaen
Pattaya Memorial Hospital.	Banglamung
Rat Siam Mai Hospital	Chiang mai
Hospital Royal implementation	Trang
Bua Yai Hospital Doctor	Bua
Metropolitan Hospital Christians	Nakhon Si Thammarat
Hospital developed an infinite two	Bang
Chulalongkorn Hospital Care	Phatthalung
Petcharat hospital2	Phetchabun
Hospital Diamonds	Phetchabun
Mission Hospital Phuket	Phuket City
University Hospital International	Maha Sarakham
Dr. Harn Hospital	Yasothon
Doctors Hospital Rayong	Rayong City
Prompathya Hospital	Muang Ratchaburi
Hospital care Sakol	Sakon city
French Hospital Medical	Nong Kae
Sukhothai Hospital Paฒnewch	Sukhothai
Bangkok Hospital Samui	Koh Samui
Hospital Thailand International	Koh Samui
Hospital Samuiinternational	Koh Samui
Hospital Medical Group	Poanpisai
Hospital doctors Khai	Khai
Hospital Medical Weerapon	City of La Phu Nong Bua
Nai Mueang Hospital	Ubon Ratchathani
Hospital Wattanosoth Rd.	Kwang
Eye Ear Nose Throat Hospital	Andover
Hospital Pornchaisuree	Suphanburi
Hospital doctors Sawan	Nakhon Sawan
Pracha Rak Hospital Medical	City Si Sa Ket
Sook General Infirmary Medical Nursing Home (Ram21).	Wang Thong Lang
Eye Hospital, St. Peter	Chiang mai
Bangkok, Chiang Mai	Chiang mai
Hospital Le cosmetic appearance	Nonthaburi
Bumrungrad Hospital Centre	Lop Buri, Lop Buri
Korat Memorial Hospital.	Nakhon Ratchasima
Asoke Skin Hospital Pinklao.	Noi
Hospital Manarom	Na
Hospital Tan	Kwang
Asoke Skin Hospital	Kwang
Hospital Salaya	Buddha
Hospital Chollada	Bang
Bandon International Hospital	Koh Samui
Hospital Eiawrakษs	Thonburi
Komol Hospital	Wang Thong Lang
Rutnin Ophthalmology Hospital	Wattana
Chaiyaphum Hospital 2	Chaiyaphum
Hospital Chong	Pak Chong
Hospital medical Sothon304	Sri Maha Bodhi
Hospital Srivijaya Surat	Surat Thani
Noonan's hospital	Sarn
The nursing home patients with chronic S. 3	Chatuchak
Bangkok Cancer Sanatorium	Phayathai
CKN nursing home	Bangkok
Hospital medicine Bangkok International	Kwang
A hospital doctor	Chumphon
HOSPITALS McCain	Chianh mai
HOSPITALS Wattanavej	Pong
Putnam hospitals and medical	neem
HOSPITALS Tagore, Subhash Bal Nursery Nursing Home.	Wang Thong Lang
Harbour hospital	Maka
HOSPITALS Van Sant Hills Ward.	City Lampang Lampang
Lakes Medical clinic	Chonburi
MEDICAL Medical Phimai Medical.	Phimai
The elderly hospital 2, Sr.	Chatuchak
Nursing Home Ratchada -Tha	Thonburi
Hospital medicine physician Chongkae	Takli
Hospital services Thong thao	Muang Ratchaburi
HOSPITALS Chularat 5	Phli
Chularat hospital Suvarnabhumi	Phli
Magic city hospital Arkom clinic	Sukhothai
Chipper Rosa hospital doctor	Doem Bang Nang Buat
Sutthisarn hospital	rouge
Ruamphat Thungsong hospital	Krabi
Kwai River Christian Hospital	Sagklaburi
Thungsong Ruamphat hospital	Thung Song
Imperial Nursing Home	Prachinburi
MEDICAL Medical University	hours
Hospital medical doctor magic	Sukhothai
HOSPITALS Jetanin	Pathumwan
meridian medical Hospital	starring
Only psychiatric hospital medicine Mind made.	Nonthaburi
Medical City hospital Pathum	Pathum Thani
108 Hospital	Chom Thong
Bangpakok 9 general medicine clinic.	Chom Thong
HOSPITALS Rama 3	Bang
MEDICAL Medical Bangpakok 2.	Bon
Phaet hospital	Bang
HOSPITALS diseases and general medicine.	Chiang mai
Private hospitals downtown	Trang
MEDICAL Medical Palace	Takli
Hospital medicine medical Nonthaburi	Nonthaburi
Visual hospital medicine medical	Phichit
Sri cushy hospital	Phichit
Clinics, radiotherapy and nuclear medicine.	Phitsanulok
Siri Hospital	Phetchaburi
Medical City hospital quagmire	Sak
Hospital services	Implementation services
HOSPITALS Ocean City Pu	hours
HOSPITALS MEDICAL Jesadavat	Muang
Supreme medicine at the hospital	Kaengkhoi
Walled medical clinic	Wiang Sa
MEDICAL Medical Chaikasem	Udon Thani
Hospital. BBC. Nursinghome	Wattana
Medical Vechakran	Sriracha
Immortality medical Hospital	Sriracha
Hospital patients with chronic Wellness Care.	Sai
Ananda's hospital - Medical Ranong.	Ranong
Nursing, occupational medicine specialist inter-made.	Phasi Charoen
